"gene","baseMean","log2FoldChange","lfcSE","stat","pvalue","padj"
"ERVK-28",27.8891798874679,-2.25477116584458,0.421425044798428,-5.35034923451942,8.77846596792319e-08,0.000136380784199993
"CORIN",19.8367979540956,1.69259575723127,0.399338136032295,4.2385026735698,2.25015503797787e-05,0.00941018055431937
"MYL6P1",5.8340984726918,-2.88787496014615,0.762690089691471,-3.78643304689376,0.000152825248874795,0.0296425353888603
"ARL13A",5.97409693096816,-1.69274491300109,0.466706559410496,-3.62700047571481,0.000286732765929572,0.0456078634194038
